info@alaskajewishcampus.org,Alaska Kosher
info@KosherPhoenix.org,Phoenix Va'ad Hakashruth
chabadaz@cox.net,Arizona K
yshemtov@aol.com,Chabad of Tucson
yzbecker@me.com,Congregation Chofetz Chayim Southwest Torah Institute
chabadscottsdale@gmail.com,Chabad
office@northamericankosher.com,North American Kosher
Chabadfresno@sbcglobal.net,Central California Kosher
kosher@mac.com,Rabbi Aharon Simkin
kcakosher@gmail.com,KCA Kosher
RBL@Kehillastorah.org,Rabbi Baruch Lederman
kcs@easy-access.com,Kosher Certification Service
office@kehillakosher.org,Kehilla
rabbic@bethjacobirvine.org,Irvine Vaad Hakashrus
rabbibryski@chabadofconejo.com,Chabad of the Conejo
chabad@Jewish.org,Chabad of Greater South Bay
info@ksakosher.com,KSA
eeidlitz@kosherquest.org,Kosher Information Bureau
rabbi@ocjewish.com,Orange-K
info@rccvaad.org,RCC-Rabbinical Council of California
info@SunriseKosher.org,Sunrise Kosher/Vaad Hakashrus of Northern California
CHABADFRESNO@SBCGLOBAL.NET,Chabad of Fresno
elite@adatyeshurun.org,Vaad Harabanim of San Diego
yrosskamm@scrollk.org,Scroll-K
rabbiy@comcast.net,Hartford Kashrut Commission
info@vaadct.org,VKFC - Vaad HaKashrus of Fairfield County
rabbi@orlandovaad.org,OVO
rabbi@umkosher.com,UM Kosher - United Mehadrin Kosher
chabadkeys@aol.com,FKK - Florida Keys Kosher
orlandoisus@earthlink.net,ORV - Central Florida Orthodox Rabbinical Vaad of Kashrus
RabbiChabad@aol.com,Chabad of South Orlando
rabbi@chabadofsarasota.com,Chabad Lubavitch of Sarasota & Manatee Counties
ASA18@msn.com,Chabad of Pinellas County
chabadpb@aol.com,Chabad House Lubavitch of Palm Beach
rabbi@chabadjacksonville.org,Chabad of Northeast Florida
contact@chabaddaytona.org,Chabad of Greater Daytona
rabbi@flkosher.com,Florida K and Florida Kashrus Services
info@koshermiami.org,KM
info@koshermiami.org,Kosher Dairy Miami
info@koshermiami.org,Kosher Miami - KM
info@kosherorganics.com,Kosher Organics Council
weberman@the-beach.net,MKI
pweitz@orbkosher.org,Orthodox Rabbinical Board of Broward & Palm Beach Counties
Rabbi@Chabadswf.org,Chabad Lubavitch of Southwest Florida
contact@vaadrcf.org,RCF - Rabbinate of Central North Florida
admin@bethtefillah.org,Chabad Lubavitch of Georgia
chabadhawaii@aol.com,Chabad of Hawaii
info@crcweb.org,Blue Ribbon (CRC)
rabbi@jewishbradley.com,Peoria Kosher
mtarkieltaub@yahoo.com,Midwest Kosher
Rabbi@uiuc.edu,Chabad at University of Illinois
info@akokosher.org,Association of Kashrus Organizations - AKO 2701 W. Howard Chicago IL. 60645 Phone: (773) 465-3900
info@crcweb.org,CRC
rabbinebel@midwesttorah.org,South Bend Kosher
iobkkosher@yahoo.com,Indianapolis Orthodox Board of Kashrus
indyrabbi@comcast.net,Beth Din Lubavitch of Indiana
jrcpark@msn.com,Chai-K
vaadkc@kc.rr,Vaad Hakashruth of Kansas City
rabbi@louisianakosher.com,Louisiana Kashrut Committee
star-k@star-k.org,Star-S
star-k@star-k.org,Star-D
star-k@star-k.org,Star-K
ahhamaoui@msn.com,New England Kashrus LeMehadrin
rabbi@umkosher.com,UM Kosher
AGeretz@MinnesotaKosher.org,Minnesota Kosher
ywyne@aish.com,Young Israel Aish Las Vegas
office@LVKosher.com,Va'ad of Kashrus of Las Vegas
rabbis@metrowestvaad.org,Vaad Harabonim of Metrowest NJ
chabadac@gmail.com,Chabad at the Shore
rabbiepstein@sonsofisrael.org,Cherry-K
ravteitz@thejec.org,Vaad Harabanim of Elizabeth/Hillside
info@globalk.org,Global Kosher
rabbi@chabadsouthbrunswick.com,Chabad of South Brunswick
moshebresler@gmail.com,Hisachdus
rcbc18@aol.com,RCBC
info@kof-k.org,Kof-K
chaim@chabadnm.org,Chabad of New Mexico
kehilahkashrus@hotmail.com,Kehilah Kashrus
weinerbubby2001@aol.com,KIC
nhorowitz@yeshivanet.com,Rabbi Nussen Naftoli Horowitz
raf@khckosher.org,Rav Avraham Y. H. Friedlander
rabbieckstein@gmail.com,Rav Usher Anshel Eckstein
ybab@thejnet.com,Tartikover Rav
ygoldman@earthkosher.com,Earth Kosher
info@queensvaad.org,Vaad Harabonim of Queens
vaha2002@aol.com,Vaad Harabanim of the Five Towns and Far Rockaway
info@ok.org,OK
NSKOSHER@THEJNET.COM,New Square Kosher Council
info@oregonkosher.org,Oregon Kosher
Ck.rabbi.ne@gmail.com,Keystone K
rabbi@jewishenrichment.com,Rohr Chabad
Rabbi@southernspirit.org,CCK
rabbicohen@wholekosher.com,WKS
capitolkdc@verizon.net,Rabbinical Council of Greater Washington
gf@ikokosher.com,IKO
mseckbach@bezeqint.net,Rabbi Mordechai Seckbach
lev580@012.net,Rabbi Dr. Israel Meir Levinger
ahochstead@kof-k.org,Kof-K Israel
lev580@012.net,ECK
info@badatz.org,BIR
kosherq@ou.org,OU
info@badatzai.co,Badatz Agudas Yisroel
rabbiyagod1@gmail.com,EK
RTeitlebaum@jewishottawa.com,Ottawa Vaad HaKashrut
info@badatz.ca,Badatz Toronto
info@cor.ca,COR
info@koshercheck.org,Kosher Check
info@koshercheck.org,BCK (Kosher Check)
atencionclientes@kosheralef.com,KA Kosher
wajsbortj@kosher.org,Kosher Australia
kashrut@uoscape.co,Cape Town Beth Din
rabbiyagod1@gmail.com,Rabbi Yagod
gita@kosher.org,London Beth Din
info@kfkosher.org,Federation of Synagogues
kosher@ravfrankforter.org,Adas Yereim
Aflalomarc@gmail.com,Pevzner Rabbi
chabadhamburg@t-online.de,Bistritzky
rabbi@balkankosher.com,Balkan Kosher
ravhazan@eu-k.org,EuroKosher
rav.wolff@gmail.com,Rabbi Eliezer Wolff
KCS@easy-access.com,Kosher-KCS
uk@ukkosher.org,U-K Kashrus
chabadperu@gmail.com,Peru Beit Chabad
